Workbook

Sheet Phí sinh hoạt
A1: Lập kế hoạch cho tương lai
A2: Phí sinh hoạt cho tuổi già là bao nhiêu?
A3: Phân loại | C3: Cách tính | D3: VD
D4: Lao động chính
A5: A | B5: Tuổi hiện tại | D5: 35
A6: B | B6: Tuổi dự định nghỉ hưu | D6: 55
A7: C | B7: Tuổi thọ trung bình | D7: 80 | E7: Note: Tuổi thọ trung bình của người Việt liên tục tăng nhờ cải thiện y tế và chăm sóc sức khỏe
A8: D | B8: Thời gian làm việc còn lại | C8: D=B-A | D8: =D6-D5 -> 20
A9: E | B9: Thời gian nghỉ hưu | C9: E=C-B | D9: =D7-D6 -> 25
A10: I | B10: Chi phí sinh hoạt hằng tháng hiện tại | D10: 15000000 | E10: Tính theo thời giá hiện tại cho 1 người
A11: F | B11: Quỹ chuẩn bị cần thiết (theo giá trị hiện tại) | C11: F=I*12*E | D11: =D10*12*D9 -> 4500000000 | E11: Lấy chi phí sinh hoạt hằng tháng hiện tại x 12 tháng x số năm nghỉ hưu
A12: G | B12: Giả định tỷ lệ lạm phát hằng năm | D12: 0.03 | E12: Tham khảo tỷ lệ lạm phát trung bình trong các năm vừa qua: https://vneconomy.vn/lam-phat-nam-thu-11-lien-tiep-duoc-kiem-soat-theo-muc-tieu.htm
A13: H | B13: Quỹ chuẩn bị cần thiết (theo giá trị tương lai) | D13: =FV(D12,D8,0,-D11,0) -> 8.1275006e+09
B16: Tại bước này sẽ cần ra report phân tích cho khách hàng với nội dung sau:
B17: Theo các thông tin bạn cung cấp, hiện tại bạn 35 tuổi và dự định nghỉ hưu ở tuổi 55. Điều này có nghĩa là bạn còn khoảng 20 năm làm việc để chuẩn bị cho giai đoạn tài chính sau khi ngừng lao động. Với giả định tuổi thọ trung bình khoảng 80 tuổi, giai đoạn hưu trí của bạn có thể kéo dài khoảng 25 năm. Đây là khoảng thời gian mà nguồn thu nhập chủ động thường giảm đi, trong khi nhu cầu chi tiêu cho cuộc sống vẫn cần được duy trì ổn định. Dựa trên mức chi phí sinh hoạt hiện tại khoảng 15 triệu đồng mỗi tháng, tổng nhu cầu tài chính cần thiết cho 25 năm hưu trí, nếu tính theo giá trị đồng tiền hiện tại, được ước tính vào khoảng: 4,5 tỷ đồng Tuy nhiên, cần lưu ý rằng bạn còn 20 năm nữa mới bước vào giai đoạn nghỉ hưu. Trong khoảng thời gian này, lạm phát sẽ làm thay đổi sức mua của tiền theo thời gian. Với giả định mức lạm phát trung bình khoảng 3% mỗi năm, chúng tôi áp dụng nguyên tắc lãi kép để ước tính giá trị tương lai của quỹ hưu trí cần chuẩn bị. Theo đó, để duy trì mức sống tương đương với chi tiêu 15 triệu đồng/tháng ở thời điểm hiện tại, số tiền cần chuẩn bị tại thời điểm nghỉ hưu có thể vào khoảng: 8.127.500.556 đồng (tương đương khoảng 8,13 tỷ đồng). Nói cách khác, đây là quy mô quỹ tài chính dự kiến cần có tại thời điểm 55 tuổi, nhằm giúp bạn duy trì sự ổn định tài chính trong suốt 25 năm của giai đoạn hưu trí. Những con số trên cho thấy mục tiêu tài chính cần đạt được trong tương lai. Câu hỏi tiếp theo là: khả năng tích lũy hiện tại của bạn có đủ để đạt được mục tiêu này hay không? Hãy đăng nhập để tiếp tục phần phân tích tiếp theo, nơi hệ thống sẽ mô phỏng khả năng tích lũy và khoảng cách tài chính của bạn theo thời gian. Nếu bạn chưa có tài khoản, việc đăng ký chỉ mất vài phút. Mọi dữ liệu và kế hoạch tài chính của bạn sẽ được lưu trữ an toàn, giúp bạn dễ dàng quay lại theo dõi và điều chỉnh kế hoạch bất cứ khi nào cần.

Sheet Tài sản thực
A1: Rà soát tình hình tài chính hiện tại, tình trạng tài sản và nợ | G1: Link Công thức tính lãi gộp cho giá trị tương lai
A2: Phân loại | C2: Lao động chính | G2: https://vietnamsalary.careerbuilder.vn/tinh-lai-kep.html
C3: GT hiện tại | D3: Tỷ lệ lãi/năm | E3: GT khi về hưu
A4: Tài sản | B4: Bất động sản ở | C4: 2000000000 | E4: =FV(D4%,'Phí sinh hoạt'!$D$8,0,-'Tài sản thực'!C4,0) -> 2000000000
B5: Bất động sản đầu tư | C5: 0 | E5: =FV(D5%,'Phí sinh hoạt'!$D$8,0,-'Tài sản thực'!C5,0) -> 0
B6: Tiền cho thuê | C6: 0 | E6: =FV(D6%,'Phí sinh hoạt'!$D$8,0,-'Tài sản thực'!C6,0) -> 0 | G6: **Lưu ý: cột tỷ lệ lãi năm để một cái note cho khách tự dự đoán, lời khuyên, khách hàng nên đưa ra mức lãi trung bình hằng năm sát với thực tế, không nên quá chủ quan
B7: Tiền gửi Ngân Hàng | C7: 500000000 | D7: 5 | E7: =FV(D7%,'Phí sinh hoạt'!$D$8,0,-'Tài sản thực'!C7,0) -> 1.3266489e+09 | G7: Về tỷ lệ lãi dòng bảo hiểm, hãy cố định nó bằng 0% vì đây là số tiền khi đáo hạn, tức bạn sẽ nhận giá trị trong tương lai bằng chính số tiền này. Gợi ý, để xem số tiền bảo hiểm khi đáo hạn, bảng hãy mở Bàng Minh Họa bảo hiểm để kiểm tra hoặc gặp nhân viên tư vấn Bảo hiểm
B8: Bảo hiểm khi đáo hạn | C8: 300000000 | D8: 0 | E8: =FV(D8%,'Phí sinh hoạt'!$D$8,0,-'Tài sản thực'!C8,0) -> 300000000 | G8: Các mục trong tài sản và nợ, hãy cho thêm dấu cộng nếu khách hàng muốn add thêm các hạn mục khác
B9: Quỹ | C9: 500000000 | D9: 11 | E9: =FV(D9%,'Phí sinh hoạt'!$D$8,0,-'Tài sản thực'!C9,0) -> 4.0311558e+09 | G9: Về nợ thì không cần để cột tỷ lệ lãi, nợ để cho khách hàng thấy được tài sản thực sau khi trừ đi các khoản nợ, giúp khách hàng ý thức để nhanh chóng trả nợ, giúp cho giá trị tài sản khi về hưu không còn bị trừ các khoản nợ nữa
B10: Cổ phiếu | C10: 0 | E10: =FV(D10%,'Phí sinh hoạt'!$D$8,0,-'Tài sản thực'!C10,0) -> 0 | G10: Giá trị khi về hưu bạn nhớ note điều kiện phải tất toán xong toàn bộ các khoản nợ đang có nhé
B11: Ô tô dự định sẽ bán | C11: 0 | E11: =FV(D11%,'Phí sinh hoạt'!$D$8,0,-'Tài sản thực'!C11,0) -> 0
B12: Kim loại quý | C12: 0 | E12: =FV(D12%,'Phí sinh hoạt'!$D$8,0,-'Tài sản thực'!C12,0) -> 0
B13: Tài sản khác: ngoại tệ,... | C13: 0 | E13: =FV(D13%,'Phí sinh hoạt'!$D$8,0,-'Tài sản thực'!C13,0) -> 0
B14: Tổng cộng | C14: =SUM(C4:C13) -> 3300000000 | E14: =SUM(E4:E13) -> 7.6578046e+09
A15: Nợ | B15: Vay thế chấp nhà | C15: 500000000 | E15: 0
B16: Vay tín chấp | E16: 0
B17: Dư nợ thẻ tín dụng | E17: 0
B18: Thuê mua tài chính | E18: 0
B19: Trái phiếu | E19: 0
B20: Các khoản nợ khác | E20: 0
B21: Tổng cộng | C21: =SUM(C15:C20) -> 500000000 | E21: =SUM(E15:E20) -> 0
A22: Tài sản thực | C22: =C14-C21 -> 2800000000 | E22: =E14-E21 -> 7.6578046e+09
A23: Tài sản thực đang có dùng cho tuổi hưu (trừ đi bất động sản ở) | C23: =C22-C4 -> 800000000 | E23: =E22-E4 -> 5.6578046e+09

Sheet Thu Chi và Khả Năng Tiết Kiệm
A1: Rà soát tình hình tài chính hiện tại - Rà soát thực trạng tổng thu và tổng chi
A2: Hạng mục | B2: Tôi
B3: Chi tiêu | C3: Tỷ trọng
A4: Thu nhập từ lương | B4: 50000000 | C4: =B4/B7 -> 1 | E4: Hạng mục thu nhập và chi phí, bạn có thể add thêm các dấu cộng nếu khách hàng muốn add thêm nhiều hạn mục khác
A5: Thu nhập từ kinh doanh | B5: 0 | C5: =B5/B7 -> 0 | E5: Sau khi khác hàng nhập xong bảng thu chi, bạn hãy kết luận tổng thu nhập và tổng chi, kèm thông tin các khoản chi nào đang chiếm tỷ trọng cao nhất.
A6: Các thu nhập khác | B6: 0 | C6: =B6/B7 -> 0 | E6: Sau đó kết luận khách hàng còn dư 23 triệu cho việc tiết kiệm hoặc tham gia các khoản bảo hiểm nhân thọ
A7: Tổng cộng | B7: =SUM(B4:B6) -> 50000000 | C7: =SUM(C4:C6) -> 1 | E7: Với khả năng tiết kiệm 23 triệu một tháng thì giá trị tích lũy liên tục trong 20 năm làm việc tiếp theo sẽ như thế nào? Bạn dẫn khách hàng sang bước tiếp theo
A8: CP lương thực thực phẩm | B8: 10000000 | C8: =B8/$B$22 -> 0.37037037
A9: CP cho việc cư trú/điện nước… | B9: 2000000 | C9: =B9/$B$22 -> 0.074074074
A10: CP đồ dùng sinh hoạt | B10: 1000000 | C10: =B10/$B$22 -> 0.037037037
A11: CP quần áo giày dép, mỹ phẩm | B11: 1000000 | C11: =B11/$B$22 -> 0.037037037
A12: CP y tế | B12: 1000000 | C12: =B12/$B$22 -> 0.037037037
A13: CP vui chơi giải trí | B13: 1000000 | C13: =B13/$B$22 -> 0.037037037
A14: CP giao thông/xe cộ | B14: 500000 | C14: =B14/$B$22 -> 0.018518519
A15: CP điện thoại/internet, cap | B15: 500000 | C15: =B15/$B$22 -> 0.018518519
A16: CP trả lãi | B16: 3000000 | C16: =B16/$B$22 -> 0.11111111
A17: CP các việc hiếu hỉ | B17: 5000000 | C17: =B17/$B$22 -> 0.18518519
A18: Học Phí con thứ nhất | B18: 1000000 | C18: =B18/$B$22 -> 0.037037037
A19: Học Phí con thứ hai | B19: 1000000 | C19: =B19/$B$22 -> 0.037037037
A20: Học Phí con thứ ba
A21: Chi phí khác | B21: 0
A22: Tổng cộng chi phí (A) | B22: =SUM(B8:B21) -> 27000000 | C22: =B22/B7 -> 0.54
A23: Tiết kiệm/Bảo hiểm (B) | B23: =B7-B22 -> 23000000 | C23: =B23/B7 -> 0.46
A24: Tổng cộng (A+B) | B24: =B22+B23 -> 50000000 | C24: =C22+C23 -> 1

Sheet Tốc đợ tích lũy theo thời gian
A1: Tốc độ tích lũy theo thời gian
A2: Khả năng tiết kiệm theo tháng | C2: Quỹ dành cho tuổi già
C3: Lãi suất tiền gửi NH dự kiến (%) | D3: Lợi nhuận Quỹ đầu tư dự kiến (%) | F3: Ở bảng này bạn gợi ý cho khách hàng chia dòng tiền đầu tư qua 2 phương pháp phổ biến nhất
A4: Mục đích tiết kiệm | B4: Số tiền mỗi tháng | C4: 5 | D4: 10 | F4: Các mục đích tiết kiệm bạn có thể để dấu cộng để khách hàng có thể add thêm
A5: Kế hoạch hưu trí | B5: 10000000 | C5: =FV($C$4%/12,'Phí sinh hoạt'!$D$8*12,-B5,0,0) -> 4.1103367e+09 | D5: =FV($D$4%/12,'Phí sinh hoạt'!$D$8*12,-B5,0,0) -> 7.5936884e+09 | F5: về lãi suất tiền gửi hay quỹ đầu tư, bạn hãy note khách hàng khảo % lợi nhuận trung bình trong 5 hoặc 10 năm gần nhất tại các ngân hàng và cá quỹ đầu tư
A6: Sửa chữa nâng cấp nhà cửa | B6: 5000000 | C6: =FV($C$4%/12,'Phí sinh hoạt'!$D$8*12,-B6,0,0) -> 2.0551683e+09 | D6: =FV($D$4%/12,'Phí sinh hoạt'!$D$8*12,-B6,0,0) -> 3.7968442e+09
A7: Đầu tư học tập cho con cái | B7: 5000000 | C7: =FV($C$4%/12,'Phí sinh hoạt'!$D$8*12,-B7,0,0) -> 2.0551683e+09 | D7: =FV($D$4%/12,'Phí sinh hoạt'!$D$8*12,-B7,0,0) -> 3.7968442e+09
A8: Tiết kiệm cho các mục đích khác | B8: 3000000 | C8: =FV($C$4%/12,'Phí sinh hoạt'!$D$8*12,-B8,0,0) -> 1.233101e+09 | D8: =FV($D$4%/12,'Phí sinh hoạt'!$D$8*12,-B8,0,0) -> 2.2781065e+09
A9: Tổng số tiền TK cho một tháng | B9: =SUM(B5:B8) -> 23000000 | C9: =FV($C$4%/12,'Phí sinh hoạt'!$D$8*12,-B9,0,0) -> 9.4537744e+09 | D9: =FV($D$4%/12,'Phí sinh hoạt'!$D$8*12,-B9,0,0) -> 1.7465483e+10
A12: Khả năng tiết kiệm theo năm (VD: tiền thưởng, chia lợi nhuận, cổ tức…) | C12: Quỹ dành cho tuổi già
C13: Lãi suất tiền gửi NH dự kiến (%) | D13: Lợi nhuận Quỹ đầu tư dự kiến (%)
A14: Phân loại | B14: Tôi | C14: 5 | D14: 10
A15: Kế hoạch hưu trí | B15: 100000000 | C15: =FV($C$14%,'Phí sinh hoạt'!$D$8,-'Tốc đợ tích lũy theo thời gian'!B15,0,0) -> 3.3065954e+09 | D15: =FV($D$14%,'Phí sinh hoạt'!$D$8,-'Tốc đợ tích lũy theo thời gian'!B15,0,0) -> 5.7274999e+09
A16: Sửa chữa nâng cấp nhà cửa | B16: 10000000 | C16: =FV($C$14%,'Phí sinh hoạt'!$D$8,-'Tốc đợ tích lũy theo thời gian'!B16,0,0) -> 3.3065954e+08 | D16: =FV($D$14%,'Phí sinh hoạt'!$D$8,-'Tốc đợ tích lũy theo thời gian'!B16,0,0) -> 5.7274999e+08
A17: Đầu tư học tập cho con cái | B17: 10000000 | C17: =FV($C$14%,'Phí sinh hoạt'!$D$8,-'Tốc đợ tích lũy theo thời gian'!B17,0,0) -> 3.3065954e+08 | D17: =FV($D$14%,'Phí sinh hoạt'!$D$8,-'Tốc đợ tích lũy theo thời gian'!B17,0,0) -> 5.7274999e+08
A18: Tiết kiệm cho các mục đích khác | B18: 10000000 | C18: =FV($C$14%,'Phí sinh hoạt'!$D$8,-'Tốc đợ tích lũy theo thời gian'!B18,0,0) -> 3.3065954e+08 | D18: =FV($D$14%,'Phí sinh hoạt'!$D$8,-'Tốc đợ tích lũy theo thời gian'!B18,0,0) -> 5.7274999e+08
A19: Tổng số tiền TK cho một năm | B19: =SUM(B15:B18) -> 130000000 | C19: =FV($C$14%,'Phí sinh hoạt'!$D$8,-'Tốc đợ tích lũy theo thời gian'!B19,0,0) -> 4.298574e+09 | D19: =FV($D$14%,'Phí sinh hoạt'!$D$8,-'Tốc đợ tích lũy theo thời gian'!B19,0,0) -> 7.4457499e+09

Sheet Tạm tính khả năng
A1: Kiểm tra khoảng cách giữa mục tiêu hưu trí và nguồn lực tài chính
A2: Thống kê | B2: Theo lãi suất NH | C2: Quỹ đầu tư
A3: Quỹ chuẩn bị cần thiết (GTTL) | B3: ='Phí sinh hoạt'!D13 -> 8.1275006e+09 | C3: ='Phí sinh hoạt'!D13 -> 8.1275006e+09
A4: Tài sản thực đang có dùng cho tuổi hưu (trừ đi bất động sản ở) | B4: ='Tài sản thực'!E23 -> 5.6578046e+09 | C4: ='Tài sản thực'!E23 -> 5.6578046e+09
A5: Khả năng tiết kiệm theo tháng (GTTL) | B5: ='Tốc đợ tích lũy theo thời gian'!C5 -> 4.1103367e+09 | C5: ='Tốc đợ tích lũy theo thời gian'!D5 -> 7.5936884e+09
A6: Khả năng tiết kiệm theo năm (GTTL) | B6: ='Tốc đợ tích lũy theo thời gian'!C15 -> 3.3065954e+09 | C6: ='Tốc đợ tích lũy theo thời gian'!D15 -> 5.7274999e+09
A7: Số tiền vượt chỉ tiêu/(thiếu) GTTL | B7: =(B4+B5+B6)-B3 -> 4.9472362e+09 | C7: =(C4+C5+C6)-C3 -> 1.0851492e+10
A9: Với báo cáo này thì khách hàng đã vượt chỉ tiêu, còn âm thì là chưa đạt. Khi đó Bạn hãy yêu cầu khách hàng rà soát và điều chỉnh lại các số liệu sao cho sát với thực tế: giảm mức chi tiêu hằng tháng, tăng thu - giảm chi phí - tăng số tiền tiết kiệm, xem xet tuổi nghỉ hưu, kiểm tra lại tài sản hiện tại.

Sheet Kế hoạch học vấn
A3: Học Phí con thứ nhất | B3: Chi tiết | D3: Học phí đại học (GTTL) | E3: =B12 -> 0
A4: Tên | D4: Số tiền tiết kiệm theo tháng
A5: Ngày tháng năm sinh | D5: Theo lãi suất NH | E5: Quỹ đầu tư
A6: Tuổi | B6: =DATEDIF(B5,TODAY(),"Y") -> 126 | D6: =PMT('Tốc đợ tích lũy theo thời gian'!C4%/12,'Kế hoạch học vấn'!B9*12,0,-'Kế hoạch học vấn'!E3) -> 0 | E6: =PMT('Tốc đợ tích lũy theo thời gian'!D4%/12,'Kế hoạch học vấn'!B9*12,0,-'Kế hoạch học vấn'!E3) -> 0
A7: Tuổi vào đại học | B7: 18 | D7: Số tiền tiết kiệm theo năm
A8: Học phí trung bình/năm hiện tại | D8: Theo lãi suất NH | E8: Quỹ đầu tư
A9: Số năm đi học còn lại | B9: =B7-B6 -> -108 | D9: =PMT('Tốc đợ tích lũy theo thời gian'!C4%,'Kế hoạch học vấn'!B9,0,-'Kế hoạch học vấn'!E3) -> 0 | E9: =PMT('Tốc đợ tích lũy theo thời gian'!D4%,'Kế hoạch học vấn'!B9,0,-'Kế hoạch học vấn'!E3) -> 0
A10: Tổng kinh phí | B10: =B8*B9 -> 0
A11: Học phí đại học (GTHT)
A12: Học phí đại học (GTTL, lạm phát trung bình 3%/năm) | B12: =FV(3%,B9,0,-B11,0) -> 0
A15: Học Phí con thứ hai | B15: Details | D15: Học phí đại học (GTTL) | E15: =B24 -> 0
A16: Tên | D16: Số tiền tiết kiệm theo tháng
A17: Ngày tháng năm sinh | D17: Theo lãi suất NH | E17: Quỹ đầu tư
A18: Tuổi | B18: =DATEDIF(B17,TODAY(),"Y") -> 126 | D18: =PMT('Tốc đợ tích lũy theo thời gian'!C4%/12,'Kế hoạch học vấn'!B21*12,0,-'Kế hoạch học vấn'!E15) -> 0 | E18: =PMT('Tốc đợ tích lũy theo thời gian'!D4%/12,'Kế hoạch học vấn'!B21*12,0,-'Kế hoạch học vấn'!E15) -> 0
A19: Tuổi vào đại học | B19: 18 | D19: Số tiền tiết kiệm theo năm
A20: Học phí trung bình/năm hiện tại | D20: Theo lãi suất NH | E20: Quỹ đầu tư
A21: Số năm đi học còn lại | B21: =B19-B18 -> -108 | D21: =PMT('Tốc đợ tích lũy theo thời gian'!C4%,'Kế hoạch học vấn'!B21,0,-'Kế hoạch học vấn'!E15) -> 0 | E21: =PMT('Tốc đợ tích lũy theo thời gian'!D4%,'Kế hoạch học vấn'!B21,0,-'Kế hoạch học vấn'!E15) -> 0
A22: Tổng kinh phí | B22: =B20*B21 -> 0
A23: Học phí đại học (GTHT)
A24: Học phí đại học (GTTL, lạm phát trung bình 3%/năm) | B24: =FV(3%,B21,0,-B23,0) -> 0
A27: Học Phí con thứ ba | B27: Details | D27: Học phí đại học (GTTL) | E27: =B36 -> 0
A28: Tên | D28: Số tiền tiết kiệm theo tháng
A29: Ngày tháng năm sinh | D29: Theo lãi suất NH | E29: Quỹ đầu tư
A30: Tuổi | B30: =DATEDIF(B29,TODAY(),"Y") -> 126 | D30: =PMT('Tốc đợ tích lũy theo thời gian'!C4%/12,'Kế hoạch học vấn'!B33*12,0,-'Kế hoạch học vấn'!E27) -> 0 | E30: =PMT('Tốc đợ tích lũy theo thời gian'!D4%/12,'Kế hoạch học vấn'!B33*12,0,-'Kế hoạch học vấn'!E27) -> 0
A31: Tuổi vào đại học | B31: 18 | D31: Số tiền tiết kiệm theo năm
A32: Học phí trung bình/năm hiện tại | D32: Theo lãi suất NH | E32: Quỹ đầu tư
A33: Số năm đi học còn lại | B33: =B31-B30 -> -108 | D33: =PMT('Tốc đợ tích lũy theo thời gian'!C4%,'Kế hoạch học vấn'!B33,0,-'Kế hoạch học vấn'!E27) -> 0 | E33: =PMT('Tốc đợ tích lũy theo thời gian'!D4%,'Kế hoạch học vấn'!B33,0,-'Kế hoạch học vấn'!E27) -> 0
A34: Tổng kinh phí | B34: =B32*B33 -> 0
A35: Học phí đại học (GTHT)
A36: Học phí đại học (GTTL, lạm phát trung bình 3%/năm) | B36: =FV(3%,B33,0,-B35,0) -> 0
